{
    "rmse": 0.7857152599045765,
    "mae": 0.6344478818763342,
    "r2": 0.11277048200647788
}