{
    "rmse": 0.7654321518400815,
    "mae": 0.6127681994555567,
    "r2": 0.15798659062194742
}