{
    "rmse": 0.8199302773144433,
    "mae": 0.6700761528283323,
    "r2": 0.03381686179196708
}